SHA256SUMS	1522
SRR1039508_1.sub.fastq.gz	60955156
SRR1039508_2.sub.fastq.gz	60646880
SRR1039509_1.sub.fastq.gz	60804060
SRR1039509_2.sub.fastq.gz	61364248
gencode.v50.transcripts.fa.gz	183554921
genes.gencode.v50.tsv.gz	713109
salmon_index.gencode.v50.tar.gz	520915279
salmon_quant.SRR1039508.tar.gz	8571245
salmon_quant.SRR1039509.tar.gz	8509734
salmon_quant.SRR1039512.tar.gz	8677598
salmon_quant.SRR1039513.tar.gz	8313615
salmon_quant.SRR1039516.tar.gz	8663906
salmon_quant.SRR1039517.tar.gz	8749530
salmon_quant.SRR1039520.tar.gz	8538456
salmon_quant.SRR1039521.tar.gz	8508444
tx2gene.gencode.v50.tsv.gz	3352402
